Top queries,Clicks,Impressions,CTR,Position
ncc recruitment 2026,4,20,20%,4.3
ncc recruitment,3,48,6.25%,8.25
recruitment tracker,1,6,16.67%,2.67
recruitment status,1,1,100%,6
cdcfib.career,1,1,100%,7
tracking armynotification com ng,0,343,0%,4.38
nnpc recruitment,0,17,0%,7.12
ncc nigeria recruitment,0,13,0%,8.38
nimc recruitment 2026,0,12,0%,9.25
central bank of nigeria recruitment,0,10,0%,11.6
navy recruitment,0,7,0%,30.86
bmtc,0,6,0%,7.67
recruitment updates,0,6,0%,8.17
cbn recruitment,0,6,0%,13.83
nigerian army dssc portal,0,6,0%,39.83
nigerian navy recruitment,0,5,0%,37.2
2026 recruitment in nigeria,0,4,0%,5.25
army recruitment exam,0,4,0%,9.25
nigeria navy recruitment,0,4,0%,26
dssc army recruitment portal,0,4,0%,32.25
nigeria army dssc portal,0,4,0%,45.5
ncc careers,0,3,0%,5.67
ncc recruitment portal,0,3,0%,10
dssc army recruitment 2026,0,3,0%,35
army recruitment,0,3,0%,37
nigerian army recruitment 2026,0,3,0%,67
nigerian army dssc,0,3,0%,68
army dssc,0,3,0%,69
dssc army,0,3,0%,73.67
tracking.armynotification.com.ng,0,2,0%,3
tracker.com,0,2,0%,3.5
eligibility checker,0,2,0%,8.5
army application,0,2,0%,9.5
recruitment update 2026,0,2,0%,10.5
cbn careers,0,2,0%,22
navy recruiting,0,2,0%,22
nnpc recruitment 2026 deadline,0,2,0%,24
recruitment army,0,2,0%,32.5
nnpc graduate trainee,0,2,0%,39.5
army dssc recruitment portal,0,2,0%,41.5
army dssc recruitment,0,2,0%,59.5
dssc recruitment portal,0,2,0%,63.5
nigeria army dssc,0,2,0%,66
nigerian army dssc recruitment,0,2,0%,68.5
dssc recruitment,0,2,0%,79.5
cbn recruitment 2026,0,1,0%,1
geology,0,1,0%,1
nama recruitment 2026,0,1,0%,1
ncc recruitment 2026 apply online,0,1,0%,1
online recruitment 2026,0,1,0%,1
trace recruitment portal,0,1,0%,1
which recruitment form is out now,0,1,0%,1
cbn application,0,1,0%,2
central bank,0,1,0%,2
finance,0,1,0%,2
nigerian communications commission ncc jobs for engineers,0,1,0%,2
tracker recruitment,0,1,0%,3
army recruitment center,0,1,0%,10
dia recruitment 2026,0,1,0%,10
nigerian navy recruitment 2026 application date,0,1,0%,10
para recruitment 2026,0,1,0%,10
cbn clinic recruitment,0,1,0%,12
navy.mil.ng,0,1,0%,15
nigeria recruitment portal,0,1,0%,15
navy recruit,0,1,0%,16
soldier recruitment,0,1,0%,18
recruitment nigerian navy,0,1,0%,20
nnpc,0,1,0%,27
navy recruiter,0,1,0%,28
nigeria navy recruiting,0,1,0%,29
nnpc graduate trainee 2026,0,1,0%,31
nnpc appointment letter,0,1,0%,34
www joinnigeriannavy com portal batch 38,0,1,0%,34
www.nnpcgroup.com,0,1,0%,39
army recruitment portal 2026,0,1,0%,42
navy recruitment 2022,0,1,0%,48
dssc army recruitment,0,1,0%,49
nigerian army dssc requirements,0,1,0%,49
nnpc siwes application 2026,0,1,0%,50
when is navy form coming out 2026,0,1,0%,52
nigerian army dssc recruitment portal,0,1,0%,53
nnpc recruitment 2025,0,1,0%,54
dssc application,0,1,0%,57
ssc army recruitment,0,1,0%,59
nigerian army ssc,0,1,0%,60
dssc nigerian army,0,1,0%,63
nigerian navy 2026,0,1,0%,68
military recruitment,0,1,0%,71
nigerian army ssc recruitment,0,1,0%,71
nigeria army recruitment 2026,0,1,0%,93
https://recruitment.army.mil.ng,0,1,0%,109